{
  "Total" : {
    "transaction" : "Total",
    "sampleCount" : 800,
    "errorCount" : 0,
    "errorPct" : 0.0,
    "meanResTime" : 178.88625000000008,
    "medianResTime" : 179.0,
    "minResTime" : 60.0,
    "maxResTime" : 1211.0,
    "pct1ResTime" : 256.9,
    "pct2ResTime" : 431.74999999999966,
    "pct3ResTime" : 617.9000000000001,
    "throughput" : 77.12330087727754,
    "receivedKBytesPerSec" : 116.68796846380026,
    "sentKBytesPerSec" : 15.51503904367107
  },
  "POST Request" : {
    "transaction" : "POST Request",
    "sampleCount" : 200,
    "errorCount" : 0,
    "errorPct" : 0.0,
    "meanResTime" : 235.7499999999999,
    "medianResTime" : 197.0,
    "minResTime" : 173.0,
    "maxResTime" : 1211.0,
    "pct1ResTime" : 320.3000000000002,
    "pct2ResTime" : 544.9,
    "pct3ResTime" : 630.6100000000004,
    "throughput" : 19.8000198000198,
    "receivedKBytesPerSec" : 48.486748682061176,
    "sentKBytesPerSec" : 6.786920849420849
  },
  "GET Single User" : {
    "transaction" : "GET Single User",
    "sampleCount" : 200,
    "errorCount" : 0,
    "errorPct" : 0.0,
    "meanResTime" : 244.11999999999998,
    "medianResTime" : 200.0,
    "minResTime" : 174.0,
    "maxResTime" : 1192.0,
    "pct1ResTime" : 313.6,
    "pct2ResTime" : 532.0,
    "pct3ResTime" : 874.0000000000009,
    "throughput" : 19.696671262556627,
    "receivedKBytesPerSec" : 22.737344888713807,
    "sentKBytesPerSec" : 2.3466737246405356
  },
  "POST Request-0" : {
    "transaction" : "POST Request-0",
    "sampleCount" : 200,
    "errorCount" : 0,
    "errorPct" : 0.0,
    "meanResTime" : 137.16499999999996,
    "medianResTime" : 128.0,
    "minResTime" : 110.0,
    "maxResTime" : 392.0,
    "pct1ResTime" : 152.0,
    "pct2ResTime" : 165.95,
    "pct3ResTime" : 384.98,
    "throughput" : 19.952114924181963,
    "receivedKBytesPerSec" : 11.830201266959298,
    "sentKBytesPerSec" : 4.50091655027933
  },
  "POST Request-1" : {
    "transaction" : "POST Request-1",
    "sampleCount" : 200,
    "errorCount" : 0,
    "errorPct" : 0.0,
    "meanResTime" : 98.51000000000003,
    "medianResTime" : 66.0,
    "minResTime" : 60.0,
    "maxResTime" : 1092.0,
    "pct1ResTime" : 130.1000000000001,
    "pct2ResTime" : 422.84999999999997,
    "pct3ResTime" : 509.5700000000004,
    "throughput" : 20.050125313283207,
    "receivedKBytesPerSec" : 37.210898339599,
    "sentKBytesPerSec" : 2.349624060150376
  }
}